{
    "name": "개요",
    "sortnum": 0,
    "category": "buildinggadgets2:gadgets",
    "icon": "buildinggadgets2:template",
    "pages": [
        {
            "type": "patchouli:text",
            "text": "이 모드의 모든 가젯은 원래 FE(포지 에너지)가 필요하지만, 이 모드팩에서는 전력이 없어도 동작합니다."
        },
        {
            "type": "patchouli:text",
            "text": "설정 메뉴는 '설정 메뉴' 키(기본값은 'g')를 누르고 있으면 열 수 있습니다. $(br2)각 가젯마다 설정이 다르므로 $(l:buildinggadgets2:mechanics)작동 형식$(/l) 챕터에서 자세한 내용을 확인하세요!"
        }
    ]
}