{
    "name": "잘라내기 붙여넣기 가젯",
    "sortnum": 4,
    "category": "buildinggadgets2:gadgets",
    "icon": "buildinggadgets2:gadget_cut_paste{energy:50000000}",
    "pages": [
        {
            "type": "patchouli:text",
            "text": "잘라내기 붙여넣기 가젯은 구조물을 쉽게 이동할 수 있게 해주며 $(l:buildinggadgets2:copypaste)복사 붙여넣기 가젯$(/l)과 똑같이 작동합니다! 시작하려면 설정 메뉴에서 '잘라내기' 모드에 있는지 확인하세요. $(br2)구조물의 한쪽 모서리를 우클릭한 다음 반대쪽 모서리를 시프트 + 우클릭합니다. 올바르게 완료되면 빨간색 윤곽선이 구조물을 둘러쌉니다."
        },
        {
            "type": "patchouli:image",
            "title": "잘라내기",
            "images": [
                "buildinggadgets2:textures/book/images/cut.png"
            ],
            "border": true,
            "text": "영역을 지정한 모습"
        },
        {
            "type": "patchouli:text",
            "text": "설정 메뉴에서 '잘라내기' 버튼을 클릭할 때까지 구조물이 제거되지 않습니다. $(br2)가젯을 '붙여넣기' 모드로 전환하면 복사한 구조물의 미리보기가 표시됩니다. $(br2)구조물을 설치하려면 우클릭하세요! 잘라낸 블록을 사용하므로 아이템은 필요하지 않습니다."
        },
        {
            "type": "patchouli:image",
            "title": "붙여넣기 미리보기",
            "images": [
                "buildinggadgets2:textures/book/images/paste.png"
            ],
            "border": true,
            "text": "붙여넣기 미리보기"
        },
        {
            "type": "patchouli:text",
            "text": "가젯에 한 번에 하나의 구조물만 저장할 수 있습니다. 설치하면 가젯에 저장된 정보가 지워집니다.$(br2)구조물을 붙여넣을 때 주의하세요. 기회는 단 한 번뿐입니다. $(l:buildinggadgets2:mech_pastereplace)붙여넣을 블록 교체$(/l) 옵션을 활성화한 상태에서 사용하는 것을 권장합니다! $(br2)데이터가 이미 있는 상태에서 새 영역을 자르려고 하면 확인 메시지가 표시됩니다. 이렇게 하면 앞서 잘라낸 데이터와 블럭이 영원히 사라집니다!"
        },
        {
            "type": "patchouli:text",
            "text": "상자 내용물 및 블록 설정을 포함하여 모든 블록 엔티티 데이터가 구조물과 함께 이동됩니다. $(br2)$(l:buildinggadgets2:copypaste)복사 붙여넣기 가젯$(/l)과 마찬가지로 해당 설정 메뉴 옵션을 사용하여 자르기 또는 붙여넣기 위치를 수정할 수 있습니다. 자세한 내용은 해당 챕터를 참조하세요!"
        }
    ]
}