{
    "name": "회전",
    "sortnum": 1,
    "category": "buildinggadgets2:mechanics",
    "icon": "buildinggadgets2:textures/book/icons/rotate.png",
    "pages": [
        {
            "type": "patchouli:text",
            "text": "회전을 사용하면 플레이어가 시작점을 중심으로 붙여넣을 모습을 회전할 수 있습니다.$(br2)사용해보고 미리보기를 확인하거나 오른쪽의 그림을 살펴 보세요."
        },
        {
            "type": "patchouli:image",
            "title": "회전",
            "images": [
                "buildinggadgets2:textures/book/images/rotate1.png",
                "buildinggadgets2:textures/book/images/rotate2.png",
                "buildinggadgets2:textures/book/images/rotate3.png"
            ],
            "border": true,
            "text": "집 회전!"
        }
    ]
}