{
    "name": "건설 애니메이션",
    "sortnum": 1,
    "category": "buildinggadgets2:mechanics",
    "icon": "buildinggadgets2:textures/book/icons/raytrace_fluid.png",
    "pages": [
        {
            "type": "patchouli:text",
            "text": "각 장치에 건설 애니메이션을 할당할 수 있으며 기본값은 '성장'입니다. 모두 사용해보고 가장 마음에 드는 것을 확인하세요!$(br2)애니메이션을 변경해도 장치의 기능에는 영향을 미치지 않으며 블록 건설 애니메이션만 다르게 보입니다."
        }
    ]
}