{
    "name": "보관함 연결",
    "sortnum": 1,
    "category": "buildinggadgets2:mechanics",
    "icon": "buildinggadgets2:textures/book/icons/bind_inventory.png",
    "pages": [
        {
            "type": "patchouli:text",
            "text": "보관함에 연결하면 해당 보관함에서 필요한 아이템을 보급받거나 반환합니다. 먼저 장치의 설정 메뉴에서 '보관함 연결 모드'를 활성화합니다. 그런 다음 상자 또는 기타 보관함을 시프트 + 우클릭합니다. $(br2)보관함 주위에 파란색 상자가 표시되면 성공한 것입니다. 연결을 끊으려면 보관함이 아닌 블록(예: 잔디)을 시프트 + 우클릭합니다."
        },
        {
            "type": "patchouli:image",
            "title": "보관함 연결",
            "images": [
                "buildinggadgets2:textures/book/images/bindinv.png"
            ],
            "border": true,
            "text": "상자에 연결!"
        },
        {
            "type": "patchouli:text",
            "text": "Applied Energistics 2 시스템의 무선 액세스 포인트에 바인딩할 수도 있지만, Refined Storage와는 동작하지 않습니다. $(br2)이 장치는 범위 제한이 없으므로 업그레이드가 필요하지 않습니다!"
        },
        {
            "type": "patchouli:image",
            "title": "인벤토리 지정",
            "images": [
                "buildinggadgets2:textures/book/images/bindinv_ae.png"
            ],
            "border": true,
            "text": "AE2에 연결! RS는 안 돼요..."
        }
    ]
}