{
    "name": "되돌리기",
    "sortnum": 1,
    "category": "buildinggadgets2:mechanics",
    "icon": "buildinggadgets2:textures/book/icons/undo.png",
    "pages": [
        {
            "type": "patchouli:text",
            "text": "되돌리기는 장치가 수행한 마지막 작업을 되돌립니다. 즉, 마지막 블록 세트를 제거하거나 건설하거나, 원래대로 교환하는 것을 의미합니다.$(br2)다시 교환하는 경우 인벤토리에 필요한 아이템이 여전히 있는지 확인하세요!$(br2)되돌리기는 장치가 수행한 마지막 10개의 액션을 기억합니다."
        },
        {
            "type": "patchouli:text",
            "text": "되돌리기는 단축키 또는 장치의 설정 메뉴를 통해 사용할 수 있습니다.$(br2)잘라내기 붙여넣기 장치에는 되돌리기 기능이 없습니다!"
        }
    ]
}