{
    "name": "기본",
    "sortnum": 0,
    "category": "buildinggadgets2:modes",
    "icon": "buildinggadgets2:template",
    "pages": [
        {
            "type": "patchouli:text",
            "text": "건축 및 교환 가젯 모두에 '범위' 설정이 있으며, 이는 영향을 받는 블록의 범위를 지정합니다. 각 모드는 이에 대해 약간 다르게 작동하지만 일반적으로 이는 영역을 나타냅니다.$(br2)예를 들어 교환 가젯의 수평 줄 모드에서 범위가 3이면 보고 있는 블록의 각 측면으로 1개씩, 총 3개가 됩니다. 짝수를 선택하면 반올림됩니다."
        },
        {
            "type": "patchouli:image",
            "title": "범위 3",
            "images": [
                "buildinggadgets2:textures/book/images/horzrow4.png"
            ],
            "border": true,
            "text": "교환 가젯 범위 3"
        },
        {
            "type": "patchouli:text",
            "text": "벽의 경우 범위가 3이면 3x3 벽이 건설됩니다. 짝수는 벽의 높이를 약간 수정합니다. $(br2)미리보기를 통해 원하는 결과를 얻으세요!"
        },
        {
            "type": "patchouli:image",
            "title": "범위 3",
            "images": [
                "buildinggadgets2:textures/book/images/vertwall1.png"
            ],
            "border": true,
            "text": "벽 범위 3"
        }
    ]
}