{
    "name": "표면",
    "sortnum": 1,
    "category": "buildinggadgets2:modes",
    "icon": "buildinggadgets2:textures/book/mode/surface.png",
    "pages": [
        {
            "type": "patchouli:text",
            "text": "표면 모드는 플레이어가 보는 블록 면을 확장합니다. 오른쪽 이미지에서 예를 확인하세요.$(br2)퍼지 모드로 블록을 타겟팅하거나 플레이어가 보는 블록과 동일한 블록만 타겟팅하도록 할 수 있습니다."
        },
        {
            "type": "patchouli:image",
            "title": "퍼지",
            "images": [
                "buildinggadgets2:textures/book/images/surface5.png",
                "buildinggadgets2:textures/book/images/surface1.png",
                "buildinggadgets2:textures/book/images/surface2.png"
            ],
            "border": true,
            "text": "위의 이미지를 전환하여 다른 옵션을 확인하세요"
        },
        {
            "type": "patchouli:text",
            "text": "이 모드는 교환 가젯에서도 동일하게 사용할 수 있습니다. $(br2)또한 '연결된 영역만' 모드는 플레이어가 보는 블록과 연결된 블록만 교환합니다. 오른쪽 이미지에서 비교해보세요."
        },
        {
            "type": "patchouli:image",
            "title": "연결된 영역만",
            "images": [
                "buildinggadgets2:textures/book/images/surface3.png",
                "buildinggadgets2:textures/book/images/surface4.png"
            ],
            "border": true,
            "text": "위의 이미지를 전환하여 다른 옵션을 확인하세요"
        }
    ]
}