{
    "name": "계단",
    "sortnum": 1,
    "category": "buildinggadgets2:modes",
    "icon": "buildinggadgets2:textures/book/mode/stairs.png",
    "pages": [
        {
            "type": "patchouli:text",
            "text": "계단 모드는 플레이어가 보는 블록의 위 또는 아래에 있는지에 따라 플레이어의 위치로부터 올라가는 계단을 건설하거나, 플레이어 위치로 올라오는 계단을 건설합니다."
        },
        {
            "type": "patchouli:image",
            "title": "계단 모드",
            "images": [
                "buildinggadgets2:textures/book/images/stairs1.png",
                "buildinggadgets2:textures/book/images/stairs2.png"
            ],
            "border": true,
            "text": "위의 이미지를 전환하여 다른 옵션을 확인하세요"
        }
    ]
}